,T,dof,alternative,p-val,CI95%,cohen-d,BF10,power
T-test,0.26863988448532156,14,two-sided,0.792124948872728,[-0.92  1.18],0.13431994224266078,0.438,0.057232521646623284
