,T,dof,alternative,p-val,CI95%,cohen-d,BF10,power
T-test,-0.22307145186655714,14,two-sided,0.8267018099111871,[-0.91  0.74],0.11153572593327857,0.435,0.054980631532734144
